Categoría;Subcategoría
1;Antigüedades
1;Arquitectónico y jardín
1;Antigüedades de Asia
1;Libros y manuscritos
1;Artes decorativas
1;Etnográfico
1;Muebles
1;Hogar y chimeneas
1;Linos y textiles (antes de 1930)
1;Mapas, atlas y globos terráqueos
1;Marítimo
1;Mercantil, comercio y fábricas
1;Instrumentos musicales (antes de 1930)
1;Épocas y estilos
1;Primitivos
1;Restauración y cuidado
1;Alfombras y tapetes
1;Ciencia y medicina (antes de 1930)
1;Costura (antes de 1930)
1;Plateado
1;Réplicas de antigüedades
1;Otros
2;Directo del artista
2;Arte de anticuarios y revendedores
2;Lotes al por mayor
3;Artículos para bebé
3;Seguridad y salud del bebé
3;Baño y aseo
3;Asientos de seguridad para autos
3;Pañales
3;Alimentación
3;Recuerdos y anuncios de nacimiento
3;Ropa de cama para niños
3;Decoración de habitaciones de bebé
3;Muebles para bebés
3;Dejar los pañales
3;Coches para bebés
3;Accesorios para coches
3;Juguetes para bebés
3;Otros
4;Accesorios
4;Antigüedades y piezas de colección
4;Libro en audio
4;Catálogos
4;Niños y adultos jóvenes
4;Libros de cocina
4;Ficción y literatura
4;Publicaciones anteriores de revistas
4;No ficción
4;Libros de textos, educación
4;Otros
5;Agricultura y silvicultura
5;Construcción
5;Equipo eléctrico y de prueba
5;Combustible y energía
5;Cuidado de salud y laboratorio
5;Equipo pesado
5;Accesorios de equipo pesado
5;Piezas y accesorios de equipo pesado
5;Equipo ligero y herramientas
5;Manufactura y metalurgia
5;Suministro industrial y MRO
5;Oficina
5;Empaque y envío
5;Artes gráficas y de impresión
5;Restaurante y catering
5;Sitios en internet y negocios en venta
5;Otros
6;Binoculares y telescopios
6;Drones con cámaras
6;Cámara de video
6;Cámaras digitales
6;Accesorios de cámaras y fotografía
6;Marcos de fotos digitales
6;Fotografía de película
6;Flashes y accesorios
6;Lentes y filtros
6;Iluminación y estudio
6;Manuales y guías
6;Piezas y herramientas de repuesto
6;Trípodes y soportes
6;Edición y producción de video
6;Fotografías y películas vintage
6;Lotes al por mayor
6;Otros
7;Celulares y smartphones
7;Relojes inteligentes
7;Accesorios para teléfonos celulares
7;Teléfonos con display
7;Tarjetas SIM y tarjetas telefónicas
7;Piezas y herramientas de repuesto
7;Otros
8;Ropa de infantes y bebés
8;Vestuario, zapatos y accesorios de niños
8;Disfraces, representación, teatro
8;Ropa étnica y cultural
8;Trajes de baile
8;Accesorios para hombre
8;Ropa para hombre
8;Zapatos para hombres
8;Uniformes y ropa de trabajo
8;Vestuario, zapatos y accesorios unisex
8;Boda y ocasión formal
8;Accesorios para mujer
8;Ropa para mujer
8;Carteras y bolsos de mujer
8;Calzado de mujer
8;Vintage
8;Lotes grandes y pequeños al por mayor
9;En lingotes
9;Monedas: EE. UU.
9;Monedas: Canadá
9;Monedas: antiguas
9;Monedas: Edad Media
9;Monedas: del mundo
9;Objetos numismáticos
9;Billetes: EE. UU.
9;Billetes del mundo
9;Publicaciones y suministros
9;Acciones y bonos, escripofilia
9;Divisa virtual
9;Otros
10;Publicidad
10;Animales
10;Dibujos animados y personajes
10;Salas de juegos, rocolas y pinball
10;Autógrafos
10;Bancos, registros y ventas
10;Artículos de bar
10;Cuentas
10;Botellas y aisladores
10;Breweriana, cerveza
10;Casino
10;Relojes
10;Cómics
10;Culturas y etnias
10;Adornos de colección
10;Disneyana
10;Fantasía, míticos y magia
10;Memorabilia histórica
10;Festivo y de temporada
10;Cocina y hogar
10;Cuchillos, espadas y cuchillas
10;Lámparas, luces
10;Ropa blanca y telas (1930 - presente)
10;Objetos de metal
10;Militaria
10;Papel
10;Bolígrafos e instrumentos para escribir
10;Pez, llaveros, vasos promocionales
10;Imágenes fotográficas
10;Prendedores, cabezones, loncheras
10;Postales
10;Radio, fonógrafo, televisión, teléfono
10;Religión y espiritualidad
10;Rocas, fósiles y minerales
10;Ciencia ficción y horror
10;Ciencia y medicina (1930 - presente)
10;Costura (1930 - presente)
10;Recuerdos y memorabilia de viajes
10;Productos relacionados con el tabaco
10;Herramientas y cerraduras
10;Tarjetas de colección
10;Transporte
10;Tocador, perfume y productos de afeitar
10;Vintage, retro, de mediados de siglo
11;iPads, tablets y lectores electrónicos
11;Accesorios para iPad/Tableta/eBook
11;Tablet & eBook Reader Parts
11;Laptops y netbooks
11;Computadoras y todo en uno
11;Accs. para laptops y comp. de escritorio
11;Cables y conectores
11;Partes y componentes de computadora
11;Unidades de disco, almacenamiento y discos en blanco
11;Redes y servidores empresariales
11;Red y conectividad doméstica
11;Teclados, mouses y punteros
11;Monitores, proyectores y accesorios
11;Protección, distribución de alimentación
11;Impresoras, escáneres y suministros
11;Software
11;Manuales y recursos
11;Informática vintage
11;Otros
12;Audio portátil y audífonos
12;Televisor, video y audio para el hogar
12;Sistemas electrónicos del vehículo y GPS
12;Sistemas de automatización (domótica)
12;Vigilancia residencial
12;Teléfonos para el hogar
12;Baterías y energías multiusos
12;Comunicación por radio
12;Artefactos y otros sistemas electrónicos
12;Sistemas electrónicos vintage
13;Materiales para arte
13;Cuentas y fabricación de joyas
13;Vidrio y mosaicos
13;Piezas de artesanía y acabadas
13;Artes y artesanías para el hogar
13;Artesanías infantiles
13;Materiales multiusos para artesanía
13;Artesanías con agujas e hilos
13;Colec. de recortes y artesanías de papel
13;Costura y tela
13;Timbres y gofrados
13;Otras artesanías
14;Materiales para hacer osos
14;Osos
14;Muñecas
14;Miniaturas para casas de muñeca
14;Muñecas de papel
15;DVD y Blu-ray
15;Película fotográfica
15;Discos láser
15;UMD
15;Cintas VHS
15;Otros formatos
15;Almacenamiento y accesorios para videos
16;Vehículos y camionetas
16;Motocicletas
16;Otros vehículos y remolques
16;Botes
16;Vehículos de aventura, recreativos
16;Partes y accesorios
17;Autógrafos-original
17;Autógrafos-reimpresos
17;Memorabilia de películas
17;Memorabilia de música
17;Memorabilia de televisión
17;Memorabilia de teatro
17;Memorabilia de juegos de video
17;Otros
18;Tarjetas de regalo
18;Tarjetas de regalo de eBay
18;Certificados de regalo
18;Cupones
18;Productos digitales
19;Cuerpo y baño
19;Suplementos alimenticios, nutrición
19;Fragancias
19;Cuidado del cabello y peinado
19;Cuidado de la salud
19;Maquillaje
19;Masaje
19;Medicina, movilidad y discapacidad
19;Cuidado de las uñas, manicure y pedicure
19;Remedios naturales y homeopáticos
19;Higiene bucal
19;Medicamentos de venta libre
19;Equipo de spa y salón
19;Afeitado y depilación
19;Cuidado de la piel
19;Protección solar y bronceador
19;Tatuajes y arte corporal
19;Cuidado de la vista
19;Control de peso
19;Lotes al por mayor
19;Otros
20;Baño
20;Ropa de cama
20;Comida y bebidas
20;Flores naturales y suministros
20;Muebles
20;Tarjetas y suministros para fiestas
20;Decoración festiva y de temporada
20;Decoración para el hogar
20;Artículos para mejoras del hogar
20;Materiales de limpieza para el hogar
20;Niños y adolescentes
20;Cocina, comedor y bar
20;Lámparas, luces y ventiladores de techo
20;Electrodomésticos grandes
20;Alfombras y tapetes
20;Herramientas
20;Suministros para soldadura
20;Decoración y herrajes para ventanas
20;Patio, jardín y espacios abiertos
20;Lotes al por mayor
20;Otros
21;Joyas infantiles
21;Compromiso y boda
21;Étnicos, regionales y tribales
21;Joyas de moda
21;Joyería fina
21;Joyas artesanales, hechas a mano
21;Joyeros y organizadores de joyas
21;Diseño y reparación de joyas
21;Cuentas sueltas
21;Diamantes y gemas sueltos
21;Joyas para hombres
21;Joyas vintage y antiguas
21;Relojes
21;Otros
22;Casetes
22;CD
22;Discos
22;Otros formatos
22;Almacenamiento y accesorios para videos
22;Lotes al por mayor
23;Acordeones y concertinas
23;Latón
23;Equipo
23;Guitarra
23;Armónica
23;Libros, CD y videos de instrucciones
23;Karaoke
23;Percusión
23;Pianos, órganos y teclados
23;Equipo de audio profesional
23;Partituras y cancioneros
23;Iluminación y efectos de escenario
23;Cuerdas
23;Instrumentos de viento-madera
23;Lotes al por mayor
23;Otros
24;Aves de corral
24;Aves
24;Gatos
24;Perros
24;Peces y acuarios
24;Caballos
24;Reptiles
24;Animales pequeños
24;Lápidas y urnas
24;Otros
25;Vidrio
25;Cerámica y porcelana
26;Comerciales
26;Terreno
26;Casas prefabricadas
26;Residenciales
26;Tiempos compartidos a la venta
26;Otros bienes raíces
27;Servicios artísticos
27;Ropa y joyería a la medida
27;Servicios de subastas de eBay
27;Diseño gráfico y de logotipos
27;Servicios para mejoras del hogar
27;Servicios basados en artículos
27;Edición y duplicado de medios
27;Impresión y personalización
27;Restauración y reparación
27;Servicios Web e informáticos
27;Otros servicios
28;Boxeo, artes marciales y artes marciales mixtas (MMA)
28;Ciclismo
28;Pesca
28;Fitness, running y yoga
28;Golf
28;Cacería
28;Juegos en interiores
28;Deportes al aire libre
28;Deportes de equipo
28;Tenis y deportes con raqueta
28;Deportes acuáticos
28;Deportes de invierno
28;Otros
28;Lotes al por mayor
29;Autógrafos (original)
29;Autógrafos (reimpresos)
29;Tarjetas
29;Ropa para aficionados y recuerdos
29;Memorabilia de juegos usada
29;Autenticada por el fabricante
29;Memorabilia de deportes antigua
29;Lotes al por mayor
30;Estados Unidos
30;Canadá
30;Gran Bretaña
30;África
30;Asia
30;Australia y Oceanía
30;Colonias británicas y territorios
30;Caribe
30;Europa
30;Latinoamérica
30;Oriente Medio
30;Mundiales
30;Estampillas tropicales
30;Filatelia especializada
30;Publicaciones y suministros
30;Otros
31;Boletos para deportes
31;Boletos para conciertos
31;Boletos para el teatro
31;Pases para parques temáticos y clubes
31;Pases de estacionamiento
31;Experiencias especiales
31;Otros
32;Figuras de acción
32;Afelpados con pelotas de semillas
32;Juguetes de construcción
32;Juguetes clásicos
32;Vehículos de presofusión y de juguete
32;Educativos
32;Electrónicos, baterías y a cuerda
32;Juguetes de comida rápida y cereales
32;Juegos
32;Canicas
32;Modelos de ferrocarriles y trenes
32;Modelos y juegos
32;Juguetes y estructuras para exterior
32;Juguetes preescolares y juegos de roles
32;Rompecabezas
32;Control por radio y mando
32;Robots, monstruos y juguetes del espacio
32;Automóviles con ranuras
32;Animales de peluche
32;Soldados de juguete
32;Juegos de cartas intercambiables
32;Juguetes de personajes, TV y películas
32;Juguetes antiguos
33;Línea aérea
33;Camping y casas rodantes
33;Alquiler de automóviles
33;Cruceros
33;Alojamiento
33;Equipaje
33;Accesorios para equipaje
33;Mapas
33;Ferrocarril
33;Accesorios de viaje
33;Paquetes de vacaciones
33;Otros
34;Videojuegos
34;Consolas de videojuego
34;Accesorios de videojuegos
34;Tarjetas de juego prepagadas
34;Piezas y herramientas de repuesto
34;Guías de estrategia y trampas
34;Productos de videojuegos
34;Otros
35;Solo para adultos
35;Desarrollo profesional y educación
35;Ofertas especiales de eBay
35;Herramientas de usuario de eBay
35;Funeral y cementerio
35;Genealogía
35;Productos de información
35;Metafísica
35;Desarrollo personal
35;Seguridad personal
35;Productos y suministros religiosos
35;Programa de puntos e incentivos
35;Artículos extraños
35;Otros
